<?xml version="1.0" encoding="ISO-8859-1"?><data><Protein_name>reproduction</Protein_name><Protein_name>ribosomal large subunit assembly</Protein_name><Protein_name>G2/M transition of mitotic cell cycle</Protein_name><Protein_name>negative regulation of transcription from RNA polymerase II promoter</Protein_name><Protein_name>actin cortical patch assembly</Protein_name><Protein_name>MAPK cascade</Protein_name><Protein_name>activation of MAPKK activity</Protein_name><Protein_name>activation of MAPK activity</Protein_name><Protein_name>protein polyubiquitination</Protein_name><Protein_name>microtubule cytoskeleton organization</Protein_name><Protein_name>regulation of alternative mRNA splicing, via spliceosome</Protein_name><Protein_name>cytokinesis by cell plate formation</Protein_name><Protein_name>transcription-dependent tethering of RNA polymerase II gene DNA at nuclear periphery</Protein_name><Protein_name>skeletal system development</Protein_name><Protein_name>cartilage condensation</Protein_name><Protein_name>blood vessel development</Protein_name><Protein_name>vasculogenesis</Protein_name><Protein_name>detection of chemical stimulus involved in sensory perception of bitter taste</Protein_name><Protein_name>ureteric bud development</Protein_name><Protein_name>branching involved in ureteric bud morphogenesis</Protein_name><Protein_name>behavioral fear response</Protein_name><Protein_name>response to hypoxia</Protein_name><Protein_name>in utero embryonic development</Protein_name><Protein_name>neural crest cell migration</Protein_name><Protein_name>neuron migration</Protein_name><Protein_name>cell activation</Protein_name><Protein_name>regulation of cytokine production</Protein_name><Protein_name>kidney development</Protein_name><Protein_name>blastocyst formation</Protein_name><Protein_name>embryonic epithelial tube formation</Protein_name><Protein_name>phagolysosome assembly</Protein_name><Protein_name>liver development</Protein_name><Protein_name>embryonic placenta development</Protein_name><Protein_name>negative regulation of protein phosphorylation</Protein_name><Protein_name>positive regulation of protein phosphorylation</Protein_name><Protein_name>heart looping</Protein_name><Protein_name>synaptic transmission, dopaminergic</Protein_name><Protein_name>startle response</Protein_name><Protein_name>thigmotaxis</Protein_name><Protein_name>regulation of systemic arterial blood pressure by ischemic conditions</Protein_name><Protein_name>morphogenesis of an epithelium</Protein_name><Protein_name>diet induced thermogenesis</Protein_name><Protein_name>G-protein coupled receptor internalization</Protein_name><Protein_name>epithelial cell development</Protein_name><Protein_name>diaphragm contraction</Protein_name><Protein_name>positive regulation of receptor internalization</Protein_name><Protein_name>nematode larval development</Protein_name><Protein_name>defense response to oomycetes</Protein_name><Protein_name>immune system development</Protein_name><Protein_name>monocyte chemotaxis</Protein_name><Protein_name>platelet degranulation</Protein_name><Protein_name>skeletal muscle contraction</Protein_name><Protein_name>regulation of systemic arterial blood pressure by aortic arch baroreceptor feedback</Protein_name><Protein_name>renal water homeostasis</Protein_name><Protein_name>detection of nodal flow</Protein_name><Protein_name>cardiac ventricle development</Protein_name><Protein_name>amino acid transmembrane transport</Protein_name><Protein_name>carbohydrate metabolic process</Protein_name><Protein_name>glycogen metabolic process</Protein_name><Protein_name>cAMP biosynthetic process</Protein_name><Protein_name>DNA replication</Protein_name><Protein_name>DNA topological change</Protein_name><Protein_name>DNA repair</Protein_name><Protein_name>transcription, DNA-templated</Protein_name><Protein_name>regulation of transcription, DNA-templated</Protein_name><Protein_name>regulation of transcription from RNA polymerase II promoter</Protein_name><Protein_name>rRNA processing</Protein_name><Protein_name>transcription from RNA polymerase II promoter</Protein_name><Protein_name>RNA export from nucleus</Protein_name><Protein_name>translation</Protein_name><Protein_name>regulation of translation</Protein_name><Protein_name>protein folding</Protein_name><Protein_name>protein phosphorylation</Protein_name><Protein_name>protein acetylation</Protein_name><Protein_name>GPI anchor biosynthetic process</Protein_name><Protein_name>proteolysis</Protein_name><Protein_name>S-adenosylmethionine biosynthetic process</Protein_name><Protein_name>dopamine biosynthetic process from tyrosine</Protein_name><Protein_name>protein targeting</Protein_name><Protein_name>protein import into nucleus</Protein_name><Protein_name>protein export from nucleus</Protein_name><Protein_name>protein targeting to membrane</Protein_name><Protein_name>phosphatidylethanolamine biosynthetic process</Protein_name><Protein_name>nitrogen compound metabolic process</Protein_name><Protein_name>transport</Protein_name><Protein_name>ion transport</Protein_name><Protein_name>cation transport</Protein_name><Protein_name>potassium ion transport</Protein_name><Protein_name>sodium ion transport</Protein_name><Protein_name>calcium ion transport</Protein_name><Protein_name>anion transport</Protein_name><Protein_name>chloride transport</Protein_name><Protein_name>amino acid transport</Protein_name><Protein_name>cellular calcium ion homeostasis</Protein_name><Protein_name>cell volume homeostasis</Protein_name><Protein_name>intracellular protein transport</Protein_name><Protein_name>exocytosis</Protein_name><Protein_name>retrograde vesicle-mediated transport, Golgi to ER</Protein_name><Protein_name>intra-Golgi vesicle-mediated transport</Protein_name><Protein_name>endocytosis</Protein_name><Protein_name>receptor-mediated endocytosis</Protein_name><Protein_name>phagocytosis</Protein_name><Protein_name>activation of cysteine-type endopeptidase activity involved in apoptotic process</Protein_name><Protein_name>movement of cell or subcellular component</Protein_name><Protein_name>chemotaxis</Protein_name><Protein_name>muscle contraction</Protein_name><Protein_name>regulation of muscle contraction</Protein_name><Protein_name>regulation of smooth muscle contraction</Protein_name><Protein_name>inflammatory response</Protein_name><Protein_name>response to osmotic stress</Protein_name><Protein_name>hypotonic response</Protein_name><Protein_name>hyperosmotic response</Protein_name><Protein_name>response to oxidative stress</Protein_name><Protein_name>organelle organization</Protein_name><Protein_name>actin filament organization</Protein_name><Protein_name>microtubule-based process</Protein_name><Protein_name>microtubule-based movement</Protein_name><Protein_name>endosome organization</Protein_name><Protein_name>vacuole organization</Protein_name><Protein_name>lysosome organization</Protein_name><Protein_name>cell-cell junction assembly</Protein_name><Protein_name>cell cycle arrest</Protein_name><Protein_name>mitotic spindle assembly checkpoint</Protein_name><Protein_name>bipolar cellular bud site selection</Protein_name><Protein_name>male meiosis</Protein_name><Protein_name>cell adhesion</Protein_name><Protein_name>homophilic cell adhesion via plasma membrane adhesion molecules</Protein_name><Protein_name>neuron cell-cell adhesion</Protein_name><Protein_name>cell-matrix adhesion</Protein_name><Protein_name>calcium-independent cell-matrix adhesion</Protein_name><Protein_name>establishment or maintenance of cell polarity</Protein_name><Protein_name>signal transduction</Protein_name><Protein_name>cell surface receptor signaling pathway</Protein_name><Protein_name>transmembrane receptor protein tyrosine kinase signaling pathway</Protein_name><Protein_name>G-protein coupled receptor signaling pathway</Protein_name><Protein_name>adenylate cyclase-modulating G-protein coupled receptor signaling pathway</Protein_name><Protein_name>adenylate cyclase-activating G-protein coupled receptor signaling pathway</Protein_name><Protein_name>activation of adenylate cyclase activity</Protein_name><Protein_name>adenylate cyclase-activating dopamine receptor signaling pathway</Protein_name><Protein_name>adenylate cyclase-inhibiting G-protein coupled receptor signaling pathway</Protein_name><Protein_name>adenylate cyclase-inhibiting G-protein coupled acetylcholine receptor signaling pathway</Protein_name><Protein_name>phospholipase C-activating G-protein coupled receptor signaling pathway</Protein_name><Protein_name>activation of phospholipase C activity</Protein_name><Protein_name>positive regulation of cytosolic calcium ion concentration</Protein_name><Protein_name>phospholipase C-activating G-protein coupled acetylcholine receptor signaling pathway</Protein_name><Protein_name>serotonin receptor signaling pathway</Protein_name><Protein_name>dopamine receptor signaling pathway</Protein_name><Protein_name>G-protein coupled acetylcholine receptor signaling pathway</Protein_name><Protein_name>gamma-aminobutyric acid signaling pathway</Protein_name><Protein_name>neuropeptide signaling pathway</Protein_name><Protein_name>integrin-mediated signaling pathway</Protein_name><Protein_name>osmosensory signaling pathway</Protein_name><Protein_name>JNK cascade</Protein_name><Protein_name>JUN phosphorylation</Protein_name><Protein_name>JAK-STAT cascade</Protein_name><Protein_name>small GTPase mediated signal transduction</Protein_name><Protein_name>Ras protein signal transduction</Protein_name><Protein_name>Rho protein signal transduction</Protein_name><Protein_name>cell-cell signaling</Protein_name><Protein_name>chemical synaptic transmission</Protein_name><Protein_name>neurotransmitter secretion</Protein_name><Protein_name>synaptic transmission, cholinergic</Protein_name><Protein_name>neuromuscular synaptic transmission</Protein_name><Protein_name>multicellular organism development</Protein_name><Protein_name>germ cell development</Protein_name><Protein_name>spermatogenesis</Protein_name><Protein_name>spermatid development</Protein_name><Protein_name>determination of left/right symmetry</Protein_name><Protein_name>pattern specification process</Protein_name><Protein_name>dorsal closure</Protein_name><Protein_name>nervous system development</Protein_name><Protein_name>ganglion mother cell fate determination</Protein_name><Protein_name>glial cell fate determination</Protein_name><Protein_name>negative regulation of neuroblast proliferation</Protein_name><Protein_name>axon guidance</Protein_name><Protein_name>axon target recognition</Protein_name><Protein_name>axonal defasciculation</Protein_name><Protein_name>synapse assembly</Protein_name><Protein_name>central nervous system development</Protein_name><Protein_name>brain development</Protein_name><Protein_name>peripheral nervous system development</Protein_name><Protein_name>sensory organ development</Protein_name><Protein_name>progression of morphogenetic furrow involved in compound eye morphogenesis</Protein_name><Protein_name>apposition of dorsal and ventral imaginal disc-derived wing surfaces</Protein_name><Protein_name>posterior midgut development</Protein_name><Protein_name>heart development</Protein_name><Protein_name>muscle organ development</Protein_name><Protein_name>neuromuscular junction development</Protein_name><Protein_name>female pregnancy</Protein_name><Protein_name>aging</Protein_name><Protein_name>response to nutrient</Protein_name><Protein_name>lactation</Protein_name><Protein_name>sensory perception</Protein_name><Protein_name>visual perception</Protein_name><Protein_name>phototransduction</Protein_name><Protein_name>sensory perception of sound</Protein_name><Protein_name>sensory perception of chemical stimulus</Protein_name><Protein_name>sensory perception of smell</Protein_name><Protein_name>learning or memory</Protein_name><Protein_name>learning</Protein_name><Protein_name>memory</Protein_name><Protein_name>short-term memory</Protein_name><Protein_name>long-term memory</Protein_name><Protein_name>courtship behavior</Protein_name><Protein_name>copulation</Protein_name><Protein_name>circadian rhythm</Protein_name><Protein_name>locomotory behavior</Protein_name><Protein_name>adult walking behavior</Protein_name><Protein_name>flight behavior</Protein_name><Protein_name>feeding behavior</Protein_name><Protein_name>chemosensory behavior</Protein_name><Protein_name>mechanosensory behavior</Protein_name><Protein_name>regulation of heart contraction</Protein_name><Protein_name>cell recognition</Protein_name><Protein_name>neuron recognition</Protein_name><Protein_name>synaptic target recognition</Protein_name><Protein_name>motor neuron axon guidance</Protein_name><Protein_name>male courtship behavior</Protein_name><Protein_name>sensory organ boundary specification</Protein_name><Protein_name>protein localization</Protein_name><Protein_name>head involution</Protein_name><Protein_name>cell proliferation</Protein_name><Protein_name>positive regulation of cell proliferation</Protein_name><Protein_name>negative regulation of cell proliferation</Protein_name><Protein_name>associative learning</Protein_name><Protein_name>determination of adult lifespan</Protein_name><Protein_name>adult locomotory behavior</Protein_name><Protein_name>larval locomotory behavior</Protein_name><Protein_name>olfactory learning</Protein_name><Protein_name>regulation of cell shape</Protein_name><Protein_name>gonad development</Protein_name><Protein_name>epidermis development</Protein_name><Protein_name>regulation of smoothened signaling pathway</Protein_name><Protein_name>regulation of Notch signaling pathway</Protein_name><Protein_name>attachment of spindle microtubules to kinetochore</Protein_name><Protein_name>response to radiation</Protein_name><Protein_name>pathogenesis</Protein_name><Protein_name>response to heat</Protein_name><Protein_name>response to cold</Protein_name><Protein_name>response to light stimulus</Protein_name><Protein_name>glycolate metabolic process</Protein_name><Protein_name>detection of chemical stimulus</Protein_name><Protein_name>response to wounding</Protein_name><Protein_name>response to mechanical stimulus</Protein_name><Protein_name>response to salt stress</Protein_name><Protein_name>anatomical structure morphogenesis</Protein_name><Protein_name>embryo development ending in birth or egg hatching</Protein_name><Protein_name>embryo development ending in seed dormancy</Protein_name><Protein_name>embryonic pattern specification</Protein_name><Protein_name>cell plate formation involved in plant-type cell wall biogenesis</Protein_name><Protein_name>cell tip growth</Protein_name><Protein_name>cellular water homeostasis</Protein_name><Protein_name>negative regulation of cell fate specification</Protein_name><Protein_name>chloroplast fission</Protein_name><Protein_name>response to organic substance</Protein_name><Protein_name>response to metal ion</Protein_name><Protein_name>xylem and phloem pattern formation</Protein_name><Protein_name>trichome branching</Protein_name><Protein_name>leaf senescence</Protein_name><Protein_name>body morphogenesis</Protein_name><Protein_name>temperature compensation of the circadian clock</Protein_name><Protein_name>response to acidic pH</Protein_name><Protein_name>regulation of gene expression</Protein_name><Protein_name>positive regulation of glycoprotein biosynthetic process</Protein_name><Protein_name>positive regulation of lamellipodium assembly</Protein_name><Protein_name>positive regulation of cardiac muscle hypertrophy</Protein_name><Protein_name>programmed cell death involved in cell development</Protein_name><Protein_name>positive regulation of gene expression</Protein_name><Protein_name>negative regulation of gene expression</Protein_name><Protein_name>positive regulation of macrophage chemotaxis</Protein_name><Protein_name>positive regulation of peptidyl-threonine phosphorylation</Protein_name><Protein_name>negative regulation of myotube differentiation</Protein_name><Protein_name>regulation of cardiac muscle contraction by regulation of the release of sequestered calcium ion</Protein_name><Protein_name>positive regulation of cell death</Protein_name><Protein_name>negative regulation of calcidiol 1-monooxygenase activity</Protein_name><Protein_name>positive regulation of neuron projection development</Protein_name><Protein_name>negative regulation of neuron projection development</Protein_name><Protein_name>response to auditory stimulus</Protein_name><Protein_name>positive regulation of neuron maturation</Protein_name><Protein_name>glutamate secretion</Protein_name><Protein_name>phosphatidylinositol 3-kinase signaling</Protein_name><Protein_name>regulation of phosphatidylinositol 3-kinase signaling</Protein_name><Protein_name>positive regulation of phosphatidylinositol 3-kinase signaling</Protein_name><Protein_name>response to organic cyclic compound</Protein_name><Protein_name>response to activity</Protein_name><Protein_name>gastro-intestinal system smooth muscle contraction</Protein_name><Protein_name>urinary bladder smooth muscle contraction</Protein_name><Protein_name>skeletal muscle satellite cell maintenance involved in skeletal muscle regeneration</Protein_name><Protein_name>transition between fast and slow fiber</Protein_name><Protein_name>muscle hypertrophy</Protein_name><Protein_name>myotube cell development</Protein_name><Protein_name>positive regulation of smooth muscle cell migration</Protein_name><Protein_name>protein transport</Protein_name><Protein_name>monovalent inorganic cation transport</Protein_name><Protein_name>magnesium ion transport</Protein_name><Protein_name>photosynthesis</Protein_name><Protein_name>synaptic vesicle exocytosis</Protein_name><Protein_name>vesicle-mediated transport</Protein_name><Protein_name>endosomal transport</Protein_name><Protein_name>axon midline choice point recognition</Protein_name><Protein_name>phosphorylation</Protein_name><Protein_name>mushroom body development</Protein_name><Protein_name>single organismal cell-cell adhesion</Protein_name><Protein_name>calcium-dependent cell-cell adhesion via plasma membrane cell adhesion molecules</Protein_name><Protein_name>dendrite development</Protein_name><Protein_name>cell migration</Protein_name><Protein_name>male courtship behavior, tapping to detect pheromone</Protein_name><Protein_name>histone methylation</Protein_name><Protein_name>histone ubiquitination</Protein_name><Protein_name>cytochrome complex assembly</Protein_name><Protein_name>peptidyl-serine phosphorylation</Protein_name><Protein_name>peptidyl-threonine phosphorylation</Protein_name><Protein_name>peptidyl-tyrosine phosphorylation</Protein_name><Protein_name>oviposition</Protein_name><Protein_name>molting cycle, collagen and cuticulin-based cuticle</Protein_name><Protein_name>modulation by virus of host transcription</Protein_name><Protein_name>viral release from host cell</Protein_name><Protein_name>cytokine-mediated signaling pathway</Protein_name><Protein_name>regulation of metabolic process</Protein_name><Protein_name>neuronal action potential</Protein_name><Protein_name>regulation of vasoconstriction</Protein_name><Protein_name>sensory perception of pain</Protein_name><Protein_name>response to pheromone</Protein_name><Protein_name>cytolysis</Protein_name><Protein_name>cAMP-mediated signaling</Protein_name><Protein_name>spinal cord development</Protein_name><Protein_name>dentate gyrus development</Protein_name><Protein_name>central nervous system morphogenesis</Protein_name><Protein_name>olfactory nerve development</Protein_name><Protein_name>nerve development</Protein_name><Protein_name>olfactory bulb interneuron differentiation</Protein_name><Protein_name>neural tube development</Protein_name><Protein_name>central nervous system neuron development</Protein_name><Protein_name>cerebral cortex development</Protein_name><Protein_name>neurogenesis</Protein_name><Protein_name>negative adaptation of signaling pathway</Protein_name><Protein_name>molting cycle process</Protein_name><Protein_name>neuronal signal transduction</Protein_name><Protein_name>establishment of cell polarity</Protein_name><Protein_name>cell projection organization</Protein_name><Protein_name>cell projection assembly</Protein_name><Protein_name>lamellipodium assembly</Protein_name><Protein_name>actin cytoskeleton organization</Protein_name><Protein_name>parallel actin filament bundle assembly</Protein_name><Protein_name>actin filament-based movement</Protein_name><Protein_name>vesicle transport along actin filament</Protein_name><Protein_name>myeloid cell differentiation</Protein_name><Protein_name>regulation of endocytosis</Protein_name><Protein_name>vasopressin secretion</Protein_name><Protein_name>cell differentiation</Protein_name><Protein_name>regulation of cell adhesion</Protein_name><Protein_name>proteoglycan biosynthetic process</Protein_name><Protein_name>neuron differentiation</Protein_name><Protein_name>B cell differentiation</Protein_name><Protein_name>regulation of blood coagulation</Protein_name><Protein_name>extracellular matrix organization</Protein_name><Protein_name>bone mineralization</Protein_name><Protein_name>negative regulation of cell growth</Protein_name><Protein_name>melanocyte differentiation</Protein_name><Protein_name>stabilization of membrane potential</Protein_name><Protein_name>regulation of cell migration</Protein_name><Protein_name>positive regulation of cell migration</Protein_name><Protein_name>negative regulation of cell migration</Protein_name><Protein_name>ascospore wall assembly</Protein_name><Protein_name>negative regulation of axon extension</Protein_name><Protein_name>larval behavior</Protein_name><Protein_name>cytoskeleton-dependent intracellular transport</Protein_name><Protein_name>regulation of cAMP metabolic process</Protein_name><Protein_name>negative regulation of actin filament polymerization</Protein_name><Protein_name>positive regulation of actin filament polymerization</Protein_name><Protein_name>response to caffeine</Protein_name><Protein_name>endocrine pancreas development</Protein_name><Protein_name>positive regulation of microtubule depolymerization</Protein_name><Protein_name>cytoplasmic microtubule organization</Protein_name><Protein_name>neuron projection development</Protein_name><Protein_name>auditory behavior</Protein_name><Protein_name>fungal-type cell wall organization</Protein_name><Protein_name>actin cytoskeleton reorganization</Protein_name><Protein_name>brain-derived neurotrophic factor receptor signaling pathway</Protein_name><Protein_name>hemidesmosome assembly</Protein_name><Protein_name>positive regulation of inositol 1,4,5-trisphosphate-sensitive calcium-release channel activity</Protein_name><Protein_name>receptor internalization</Protein_name><Protein_name>regulation of protein stability</Protein_name><Protein_name>positive regulation of cyclin-dependent protein serine/threonine kinase activity involved in G1/S transition of mitotic cell cycle</Protein_name><Protein_name>response to nutrient levels</Protein_name><Protein_name>locomotion involved in locomotory behavior</Protein_name><Protein_name>regulation of ARF protein signal transduction</Protein_name><Protein_name>ciliary basal body organization</Protein_name><Protein_name>negative regulation of NF-kappaB transcription factor activity</Protein_name><Protein_name>negative regulation of protein binding</Protein_name><Protein_name>positive regulation of protein binding</Protein_name><Protein_name>response to food</Protein_name><Protein_name>activation of protein kinase B activity</Protein_name><Protein_name>negative regulation of synaptic transmission, GABAergic</Protein_name><Protein_name>nerve growth factor processing</Protein_name><Protein_name>negative regulation of cytokinesis</Protein_name><Protein_name>response to lipopolysaccharide</Protein_name><Protein_name>regulation of microvillus length</Protein_name><Protein_name>mitochondrial translation</Protein_name><Protein_name>negative regulation of ATPase activity</Protein_name><Protein_name>response to insulin</Protein_name><Protein_name>cellular response to insulin stimulus</Protein_name><Protein_name>regulation of actin cytoskeleton organization</Protein_name><Protein_name>regulation of muscle filament sliding speed</Protein_name><Protein_name>positive regulation of peptidyl-serine phosphorylation</Protein_name><Protein_name>positive regulation of protein import into nucleus, translocation</Protein_name><Protein_name>actin-myosin filament sliding</Protein_name><Protein_name>carbohydrate homeostasis</Protein_name><Protein_name>dorsal/ventral axon guidance</Protein_name><Protein_name>anterior/posterior axon guidance</Protein_name><Protein_name>membrane protein proteolysis</Protein_name><Protein_name>positive regulation of integrin activation</Protein_name><Protein_name>positive regulation of cell adhesion mediated by integrin</Protein_name><Protein_name>positive regulation of cell-cell adhesion mediated by integrin</Protein_name><Protein_name>maintenance of mitotic sister chromatid cohesion</Protein_name><Protein_name>response to cytokine</Protein_name><Protein_name>erythrocyte homeostasis</Protein_name><Protein_name>regulation of toll-like receptor signaling pathway</Protein_name><Protein_name>ion transmembrane transport</Protein_name><Protein_name>adherens junction assembly</Protein_name><Protein_name>negative regulation of smooth muscle cell apoptotic process</Protein_name><Protein_name>protein localization to cell surface</Protein_name><Protein_name>response to fluid shear stress</Protein_name><Protein_name>early endosome to Golgi transport</Protein_name><Protein_name>protein localization to nucleus</Protein_name><Protein_name>tooth mineralization</Protein_name><Protein_name>cellular response to heat</Protein_name><Protein_name>turning behavior involved in mating</Protein_name><Protein_name>cellular protein localization</Protein_name><Protein_name>cellular response to reactive oxygen species</Protein_name><Protein_name>regulation of ion transmembrane transport</Protein_name><Protein_name>regulation of Rho protein signal transduction</Protein_name><Protein_name>nonmotile primary cilium assembly</Protein_name><Protein_name>response to ecdysone</Protein_name><Protein_name>axoneme assembly</Protein_name><Protein_name>response to nicotine</Protein_name><Protein_name>embryonic forelimb morphogenesis</Protein_name><Protein_name>larval turning behavior</Protein_name><Protein_name>ionotropic glutamate receptor signaling pathway</Protein_name><Protein_name>synaptic transmission, glutamatergic</Protein_name><Protein_name>multicellular organism growth</Protein_name><Protein_name>hippo signaling</Protein_name><Protein_name>positive regulation of hippo signaling</Protein_name><Protein_name>Roundabout signaling pathway</Protein_name><Protein_name>protein localization to synapse</Protein_name><Protein_name>angioblast cell migration from lateral mesoderm to midline</Protein_name><Protein_name>metanephric part of ureteric bud development</Protein_name><Protein_name>intracellular signal transduction</Protein_name><Protein_name>calcium-mediated signaling using intracellular calcium source</Protein_name><Protein_name>calcium-mediated signaling using extracellular calcium source</Protein_name><Protein_name>bone mineralization involved in bone maturation</Protein_name><Protein_name>posterior lateral line neuromast hair cell development</Protein_name><Protein_name>intraciliary retrograde transport</Protein_name><Protein_name>sodium ion transmembrane transport</Protein_name><Protein_name>intraciliary transport involved in cilium morphogenesis</Protein_name><Protein_name>positive regulation of insulin secretion involved in cellular response to glucose stimulus</Protein_name><Protein_name>ureter maturation</Protein_name><Protein_name>negative regulation of urine volume</Protein_name><Protein_name>aorta development</Protein_name><Protein_name>skeletal muscle cell differentiation</Protein_name><Protein_name>germ cell proliferation</Protein_name><Protein_name>lymph vessel morphogenesis</Protein_name><Protein_name>positive regulation of cell migration by vascular endothelial growth factor signaling pathway</Protein_name><Protein_name>Fc receptor signaling pathway</Protein_name><Protein_name>Fc-gamma receptor signaling pathway involved in phagocytosis</Protein_name><Protein_name>Kit signaling pathway</Protein_name><Protein_name>ERBB2 signaling pathway</Protein_name><Protein_name>interleukin-11-mediated signaling pathway</Protein_name><Protein_name>oncostatin-M-mediated signaling pathway</Protein_name><Protein_name>nerve growth factor signaling pathway</Protein_name><Protein_name>locomotion</Protein_name><Protein_name>regulation of locomotion</Protein_name><Protein_name>regulation of multicellular organism growth</Protein_name><Protein_name>positive regulation of locomotion</Protein_name><Protein_name>dauer larval development</Protein_name><Protein_name>vulval development</Protein_name><Protein_name>positive regulation of vulval development</Protein_name><Protein_name>polar body extrusion after meiotic divisions</Protein_name><Protein_name>thermosensory behavior</Protein_name><Protein_name>olfactory behavior</Protein_name><Protein_name>intraciliary transport</Protein_name><Protein_name>positive regulation of T cell proliferation</Protein_name><Protein_name>positive regulation of activated T cell proliferation</Protein_name><Protein_name>regulation of cell proliferation</Protein_name><Protein_name>neurotransmitter biosynthetic process</Protein_name><Protein_name>retrograde transport, endosome to Golgi</Protein_name><Protein_name>positive regulation of protein import into nucleus</Protein_name><Protein_name>regulation of vasodilation</Protein_name><Protein_name>cuticle development</Protein_name><Protein_name>cilium assembly</Protein_name><Protein_name>regulation of membrane potential</Protein_name><Protein_name>dopamine biosynthetic process</Protein_name><Protein_name>eye photoreceptor cell development</Protein_name><Protein_name>inner ear morphogenesis</Protein_name><Protein_name>mechanoreceptor differentiation</Protein_name><Protein_name>auditory receptor cell differentiation</Protein_name><Protein_name>response to drug</Protein_name><Protein_name>positive regulation of tyrosine phosphorylation of Stat1 protein</Protein_name><Protein_name>positive regulation of tyrosine phosphorylation of Stat3 protein</Protein_name><Protein_name>positive regulation of tyrosine phosphorylation of Stat5 protein</Protein_name><Protein_name>hyperosmotic salinity response</Protein_name><Protein_name>response to hydrogen peroxide</Protein_name><Protein_name>neuron maturation</Protein_name><Protein_name>glucose homeostasis</Protein_name><Protein_name>fear response</Protein_name><Protein_name>positive regulation of cell fate specification</Protein_name><Protein_name>defense response to bacterium</Protein_name><Protein_name>regulation of apoptotic process</Protein_name><Protein_name>sequestering of actin monomers</Protein_name><Protein_name>cytoplasmic sequestering of transcription factor</Protein_name><Protein_name>camera-type eye development</Protein_name><Protein_name>pharyngeal pumping</Protein_name><Protein_name>thermotaxis</Protein_name><Protein_name>maintenance of dauer</Protein_name><Protein_name>forward locomotion</Protein_name><Protein_name>regulation of backward locomotion</Protein_name><Protein_name>extracellular structure organization</Protein_name><Protein_name>intercellular bridge organization</Protein_name><Protein_name>positive regulation of apoptotic process</Protein_name><Protein_name>negative regulation of apoptotic process</Protein_name><Protein_name>positive regulation of programmed cell death</Protein_name><Protein_name>regulation of GTPase activity</Protein_name><Protein_name>positive regulation of vascular permeability</Protein_name><Protein_name>proteasome-mediated ubiquitin-dependent protein catabolic process</Protein_name><Protein_name>peptide catabolic process</Protein_name><Protein_name>regulation of potassium ion transport</Protein_name><Protein_name>negative regulation of potassium ion transport</Protein_name><Protein_name>apical junction assembly</Protein_name><Protein_name>positive regulation of DNA binding</Protein_name><Protein_name>negative regulation of MAPK cascade</Protein_name><Protein_name>positive regulation of MAPK cascade</Protein_name><Protein_name>regulation of ATPase activity</Protein_name><Protein_name>protein kinase B signaling</Protein_name><Protein_name>regulation of neuron apoptotic process</Protein_name><Protein_name>negative regulation of neuron apoptotic process</Protein_name><Protein_name>regulation of actin phosphorylation</Protein_name><Protein_name>positive regulation of GTPase activity</Protein_name><Protein_name>positive regulation of phosphatidylinositol 3-kinase activity</Protein_name><Protein_name>positive regulation of insulin-like growth factor receptor signaling pathway</Protein_name><Protein_name>mycelium development</Protein_name><Protein_name>skin development</Protein_name><Protein_name>regulation of transcription from RNA polymerase II promoter in response to oxidative stress</Protein_name><Protein_name>cortical microtubule organization</Protein_name><Protein_name>cellular protein complex assembly</Protein_name><Protein_name>mitochondrial fragmentation involved in apoptotic process</Protein_name><Protein_name>cellular protein metabolic process</Protein_name><Protein_name>bacterial-type flagellum assembly</Protein_name><Protein_name>plasma membrane raft distribution</Protein_name><Protein_name>actin nucleation</Protein_name><Protein_name>transcytosis</Protein_name><Protein_name>cell fate commitment</Protein_name><Protein_name>cell-cell junction organization</Protein_name><Protein_name>positive regulation of nitric oxide biosynthetic process</Protein_name><Protein_name>male courtship behavior, veined wing generated song production</Protein_name><Protein_name>myoblast differentiation</Protein_name><Protein_name>R7 cell development</Protein_name><Protein_name>response to ethanol</Protein_name><Protein_name>photoreceptor cell maintenance</Protein_name><Protein_name>regulation of fat cell differentiation</Protein_name><Protein_name>positive regulation of fat cell differentiation</Protein_name><Protein_name>negative regulation of myoblast differentiation</Protein_name><Protein_name>regulation of neuron differentiation</Protein_name><Protein_name>positive regulation of neuron differentiation</Protein_name><Protein_name>positive regulation of osteoblast differentiation</Protein_name><Protein_name>positive regulation of glycogen biosynthetic process</Protein_name><Protein_name>positive regulation of DNA replication</Protein_name><Protein_name>positive regulation of adenylate cyclase activity</Protein_name><Protein_name>positive regulation of angiogenesis</Protein_name><Protein_name>positive regulation of axon extension</Protein_name><Protein_name>positive regulation of cell size</Protein_name><Protein_name>positive regulation of gene expression, epigenetic</Protein_name><Protein_name>positive regulation of glycolytic process</Protein_name><Protein_name>positive regulation of mitotic nuclear division</Protein_name><Protein_name>negative regulation of transcription, DNA-templated</Protein_name><Protein_name>positive regulation of transcription, DNA-templated</Protein_name><Protein_name>regulation of female receptivity</Protein_name><Protein_name>positive regulation of transcription from RNA polymerase II promoter</Protein_name><Protein_name>positive regulation of glucose import</Protein_name><Protein_name>negative regulation of JNK cascade</Protein_name><Protein_name>positive regulation of JNK cascade</Protein_name><Protein_name>lateral inhibition</Protein_name><Protein_name>phosphatidylethanolamine metabolic process</Protein_name><Protein_name>L-arabinose metabolic process</Protein_name><Protein_name>retinal rod cell development</Protein_name><Protein_name>positive regulation of Ras protein signal transduction</Protein_name><Protein_name>regulation of oviposition</Protein_name><Protein_name>regulation of retinal cell programmed cell death</Protein_name><Protein_name>response to DDT</Protein_name><Protein_name>response to pyrethroid</Protein_name><Protein_name>protein autophosphorylation</Protein_name><Protein_name>microtubule polymerization</Protein_name><Protein_name>dorsal appendage formation</Protein_name><Protein_name>intracellular transport</Protein_name><Protein_name>regulation of neurotransmitter secretion</Protein_name><Protein_name>negative regulation of neurotransmitter secretion</Protein_name><Protein_name>negative phototaxis</Protein_name><Protein_name>habituation</Protein_name><Protein_name>regulation of response to osmotic stress</Protein_name><Protein_name>insulin-like growth factor receptor signaling pathway</Protein_name><Protein_name>neurotrophin TRK receptor signaling pathway</Protein_name><Protein_name>phosphatidylinositol-mediated signaling</Protein_name><Protein_name>focal adhesion assembly</Protein_name><Protein_name>negative gravitaxis</Protein_name><Protein_name>developmental pigmentation</Protein_name><Protein_name>positive regulation of fibroblast proliferation</Protein_name><Protein_name>regulation of synaptic plasticity</Protein_name><Protein_name>macrophage chemotaxis</Protein_name><Protein_name>response to pain</Protein_name><Protein_name>behavioral response to pain</Protein_name><Protein_name>oogenesis</Protein_name><Protein_name>enteric nervous system development</Protein_name><Protein_name>sympathetic nervous system development</Protein_name><Protein_name>synaptic vesicle transport</Protein_name><Protein_name>post-embryonic root development</Protein_name><Protein_name>post-embryonic organ morphogenesis</Protein_name><Protein_name>digestive tract development</Protein_name><Protein_name>embryonic morphogenesis</Protein_name><Protein_name>muscle organ morphogenesis</Protein_name><Protein_name>positive regulation of smooth muscle cell proliferation</Protein_name><Protein_name>neuron fate specification</Protein_name><Protein_name>neuron development</Protein_name><Protein_name>collateral sprouting</Protein_name><Protein_name>regulation of collateral sprouting</Protein_name><Protein_name>positive regulation of collateral sprouting</Protein_name><Protein_name>axon extension</Protein_name><Protein_name>response to axon injury</Protein_name><Protein_name>negative regulation of axon regeneration</Protein_name><Protein_name>positive regulation of axon extension involved in regeneration</Protein_name><Protein_name>negative regulation of axon extension involved in regeneration</Protein_name><Protein_name>generation of neurons</Protein_name><Protein_name>oligodendrocyte differentiation</Protein_name><Protein_name>positive regulation of astrocyte differentiation</Protein_name><Protein_name>negative regulation of astrocyte differentiation</Protein_name><Protein_name>compound eye development</Protein_name><Protein_name>branching morphogenesis of an epithelial tube</Protein_name><Protein_name>branching morphogenesis of a nerve</Protein_name><Protein_name>genitalia development</Protein_name><Protein_name>neuron projection morphogenesis</Protein_name><Protein_name>dendrite morphogenesis</Protein_name><Protein_name>regulation of dendrite morphogenesis</Protein_name><Protein_name>inner ear development</Protein_name><Protein_name>otolith development</Protein_name><Protein_name>artery morphogenesis</Protein_name><Protein_name>leukemia inhibitory factor signaling pathway</Protein_name><Protein_name>stem cell fate commitment</Protein_name><Protein_name>homeostasis of number of cells within a tissue</Protein_name><Protein_name>mechanosensory lateral line system development</Protein_name><Protein_name>neuromast development</Protein_name><Protein_name>posterior lateral line neuromast development</Protein_name><Protein_name>posterior lateral line neuromast hair cell differentiation</Protein_name><Protein_name>peripheral nervous system neuron development</Protein_name><Protein_name>positive regulation of epithelial cell proliferation</Protein_name><Protein_name>positive regulation of protein secretion</Protein_name><Protein_name>positive regulation of inflammatory response</Protein_name><Protein_name>positive regulation of peptidyl-tyrosine phosphorylation</Protein_name><Protein_name>negative regulation of peptidyl-tyrosine phosphorylation</Protein_name><Protein_name>regulation of neurogenesis</Protein_name><Protein_name>regulation of axonogenesis</Protein_name><Protein_name>positive regulation of axonogenesis</Protein_name><Protein_name>regulation of dendrite development</Protein_name><Protein_name>regulation of insulin secretion</Protein_name><Protein_name>regulation of synapse organization</Protein_name><Protein_name>synapse organization</Protein_name><Protein_name>protein stabilization</Protein_name><Protein_name>positive regulation of calcium-mediated signaling</Protein_name><Protein_name>neuromuscular process controlling balance</Protein_name><Protein_name>multicellular organismal water homeostasis</Protein_name><Protein_name>sensory processing</Protein_name><Protein_name>response to stimulus</Protein_name><Protein_name>leukocyte migration</Protein_name><Protein_name>diapedesis</Protein_name><Protein_name>detection of chemical stimulus involved in sensory perception</Protein_name><Protein_name>sensory perception of taste</Protein_name><Protein_name>detection of mechanical stimulus involved in sensory perception of sound</Protein_name><Protein_name>detection of chemical stimulus involved in sensory perception of taste</Protein_name><Protein_name>sensory perception of bitter taste</Protein_name><Protein_name>sensory perception of sour taste</Protein_name><Protein_name>regulation of chemotaxis</Protein_name><Protein_name>positive regulation of positive chemotaxis</Protein_name><Protein_name>induction of positive chemotaxis</Protein_name><Protein_name>sensory perception of temperature stimulus</Protein_name><Protein_name>sensory perception of light stimulus</Protein_name><Protein_name>sensory perception of mechanical stimulus</Protein_name><Protein_name>thermoception</Protein_name><Protein_name>equilibrioception</Protein_name><Protein_name>detection of temperature stimulus involved in thermoception</Protein_name><Protein_name>detection of temperature stimulus involved in sensory perception</Protein_name><Protein_name>detection of temperature stimulus involved in sensory perception of pain</Protein_name><Protein_name>detection of mechanical stimulus involved in sensory perception of pain</Protein_name><Protein_name>detection of chemical stimulus involved in sensory perception of pain</Protein_name><Protein_name>detection of mechanical stimulus involved in equilibrioception</Protein_name><Protein_name>detection of mechanical stimulus involved in sensory perception</Protein_name><Protein_name>sensory perception of touch</Protein_name><Protein_name>detection of mechanical stimulus involved in sensory perception of touch</Protein_name><Protein_name>detection of mechanical stimulus</Protein_name><Protein_name>barbed-end actin filament capping</Protein_name><Protein_name>actin filament bundle assembly</Protein_name><Protein_name>mRNA transport</Protein_name><Protein_name>regulation of small GTPase mediated signal transduction</Protein_name><Protein_name>positive regulation of sequence-specific DNA binding transcription factor activity</Protein_name><Protein_name>positive regulation of NF-kappaB transcription factor activity</Protein_name><Protein_name>positive regulation of actin nucleation</Protein_name><Protein_name>smooth muscle cell differentiation</Protein_name><Protein_name>release of sequestered calcium ion into cytosol</Protein_name><Protein_name>cartilage development</Protein_name><Protein_name>protein homooligomerization</Protein_name><Protein_name>protein tetramerization</Protein_name><Protein_name>protein homotetramerization</Protein_name><Protein_name>establishment of meiotic spindle localization</Protein_name><Protein_name>centrosome organization</Protein_name><Protein_name>centrosome duplication</Protein_name><Protein_name>cell division</Protein_name><Protein_name>mitotic sister chromatid separation</Protein_name><Protein_name>meiotic cell cycle</Protein_name><Protein_name>response to glucocorticoid</Protein_name><Protein_name>response to corticosterone</Protein_name><Protein_name>myoblast proliferation</Protein_name><Protein_name>regulation of cytosolic calcium ion concentration</Protein_name><Protein_name>positive regulation of filopodium assembly</Protein_name><Protein_name>negative regulation of cytoskeleton organization</Protein_name><Protein_name>positive regulation of NFAT protein import into nucleus</Protein_name><Protein_name>histone H3-K4 methylation</Protein_name><Protein_name>regulation of histone H3-K4 methylation</Protein_name><Protein_name>response to calcium ion</Protein_name><Protein_name>response to hydrostatic pressure</Protein_name><Protein_name>response to electrical stimulus</Protein_name><Protein_name>actin filament network formation</Protein_name><Protein_name>actin cortical patch localization</Protein_name><Protein_name>regulation of cell cycle</Protein_name><Protein_name>pigment granule localization</Protein_name><Protein_name>regulation of protein kinase B signaling</Protein_name><Protein_name>pigment granule transport</Protein_name><Protein_name>regulation of calcium ion transport</Protein_name><Protein_name>synaptic transmission, GABAergic</Protein_name><Protein_name>positive regulation of synapse assembly</Protein_name><Protein_name>positive regulation of synaptic transmission, glutamatergic</Protein_name><Protein_name>ventricular cardiac muscle tissue morphogenesis</Protein_name><Protein_name>asymmetric neuroblast division</Protein_name><Protein_name>calcium ion homeostasis</Protein_name><Protein_name>transmembrane transport</Protein_name><Protein_name>oxidation-reduction process</Protein_name><Protein_name>Sertoli cell development</Protein_name><Protein_name>righting reflex</Protein_name><Protein_name>retina development in camera-type eye</Protein_name><Protein_name>negative regulation of cardiac muscle cell proliferation</Protein_name><Protein_name>positive regulation of cardiac muscle cell proliferation</Protein_name><Protein_name>cardiac muscle contraction</Protein_name><Protein_name>inhibitory postsynaptic potential</Protein_name><Protein_name>auditory receptor cell stereocilium organization</Protein_name><Protein_name>inner ear receptor cell differentiation</Protein_name><Protein_name>auditory receptor cell development</Protein_name><Protein_name>inner ear receptor cell development</Protein_name><Protein_name>inner ear receptor stereocilium organization</Protein_name><Protein_name>regulation of mitotic spindle organization</Protein_name><Protein_name>cilium morphogenesis</Protein_name><Protein_name>negative regulation of oocyte development</Protein_name><Protein_name>long-term synaptic potentiation</Protein_name><Protein_name>negative regulation of ryanodine-sensitive calcium-release channel activity</Protein_name><Protein_name>bone morphogenesis</Protein_name><Protein_name>innervation</Protein_name><Protein_name>axonogenesis involved in innervation</Protein_name><Protein_name>calcium ion transport into cytosol</Protein_name><Protein_name>lung epithelium development</Protein_name><Protein_name>negative regulation of cell death</Protein_name><Protein_name>mammary gland epithelial cell differentiation</Protein_name><Protein_name>placenta blood vessel development</Protein_name><Protein_name>mammary gland alveolus development</Protein_name><Protein_name>membrane organization</Protein_name><Protein_name>cardiac muscle tissue regeneration</Protein_name><Protein_name>positive regulation of cell growth involved in cardiac muscle cell development</Protein_name><Protein_name>negative regulation of turning behavior involved in mating</Protein_name><Protein_name>regulation of proteasomal protein catabolic process</Protein_name><Protein_name>Peyer's patch morphogenesis</Protein_name><Protein_name>taste bud development</Protein_name><Protein_name>renal tubule morphogenesis</Protein_name><Protein_name>cardiac conduction</Protein_name><Protein_name>behavioral response to formalin induced pain</Protein_name><Protein_name>renal artery morphogenesis</Protein_name><Protein_name>calcium ion transmembrane transport via high voltage-gated calcium channel</Protein_name><Protein_name>interleukin-6-mediated signaling pathway</Protein_name><Protein_name>negative regulation of interleukin-6-mediated signaling pathway</Protein_name><Protein_name>positive regulation of interleukin-6-mediated signaling pathway</Protein_name><Protein_name>interleukin-27-mediated signaling pathway</Protein_name><Protein_name>ciliary neurotrophic factor-mediated signaling pathway</Protein_name><Protein_name>protein homotrimerization</Protein_name><Protein_name>lens fiber cell differentiation</Protein_name><Protein_name>ERK1 and ERK2 cascade</Protein_name><Protein_name>positive regulation of ERK1 and ERK2 cascade</Protein_name><Protein_name>cellular response to cold</Protein_name><Protein_name>regulation of microtubule cytoskeleton organization</Protein_name><Protein_name>calcium ion import</Protein_name><Protein_name>platelet aggregation</Protein_name><Protein_name>calcium ion transmembrane transport</Protein_name><Protein_name>dendrite self-avoidance</Protein_name><Protein_name>positive regulation of calcineurin-NFAT signaling cascade</Protein_name><Protein_name>positive regulation of cell cycle arrest</Protein_name><Protein_name>cellular response to lipopolysaccharide</Protein_name><Protein_name>cellular response to amino acid stimulus</Protein_name><Protein_name>cellular response to carbon dioxide</Protein_name><Protein_name>cellular response to electrical stimulus</Protein_name><Protein_name>cellular response to mechanical stimulus</Protein_name><Protein_name>cellular response to retinoic acid</Protein_name><Protein_name>cellular response to caffeine</Protein_name><Protein_name>cellular response to nicotine</Protein_name><Protein_name>cellular response to ATP</Protein_name><Protein_name>cellular response to interleukin-4</Protein_name><Protein_name>cellular response to tumor necrosis factor</Protein_name><Protein_name>cellular response to growth factor stimulus</Protein_name><Protein_name>cellular response to prostaglandin E stimulus</Protein_name><Protein_name>cellular response to estradiol stimulus</Protein_name><Protein_name>cellular response to fatty acid</Protein_name><Protein_name>cellular response to hypoxia</Protein_name><Protein_name>cellular response to hydrostatic pressure</Protein_name><Protein_name>cellular response to pH</Protein_name><Protein_name>cellular response to alkaline pH</Protein_name><Protein_name>cellular response to osmotic stress</Protein_name><Protein_name>cellular hypotonic response</Protein_name><Protein_name>cellular hypotonic salinity response</Protein_name><Protein_name>cellular response to fluid shear stress</Protein_name><Protein_name>cellular response to temperature stimulus</Protein_name><Protein_name>positive regulation of monocyte chemotactic protein-1 production</Protein_name><Protein_name>positive regulation of macrophage inflammatory protein 1 alpha production</Protein_name><Protein_name>positive regulation of chemokine (C-C motif) ligand 5 production</Protein_name><Protein_name>potassium ion transmembrane transport</Protein_name><Protein_name>cellular response to catecholamine stimulus</Protein_name><Protein_name>determination of liver left/right asymmetry</Protein_name><Protein_name>alpha-tubulin acetylation</Protein_name><Protein_name>establishment or maintenance of cell polarity regulating cell shape</Protein_name><Protein_name>renal system development</Protein_name><Protein_name>glomerular endothelium development</Protein_name><Protein_name>metanephric mesenchyme development</Protein_name><Protein_name>mesonephric tubule development</Protein_name><Protein_name>mesonephric duct development</Protein_name><Protein_name>metanephric collecting duct development</Protein_name><Protein_name>metanephric smooth muscle tissue development</Protein_name><Protein_name>metanephric cortex development</Protein_name><Protein_name>metanephric ascending thin limb development</Protein_name><Protein_name>metanephric cortical collecting duct development</Protein_name><Protein_name>metanephric distal tubule development</Protein_name><Protein_name>metanephric proximal tubule development</Protein_name><Protein_name>metanephric S-shaped body morphogenesis</Protein_name><Protein_name>metanephric distal tubule morphogenesis</Protein_name><Protein_name>positive regulation of metanephric glomerulus development</Protein_name><Protein_name>clathrin-mediated endocytosis</Protein_name><Protein_name>lamellipodium morphogenesis</Protein_name><Protein_name>response to karrikin</Protein_name><Protein_name>cardiac muscle cell action potential involved in contraction</Protein_name><Protein_name>membrane depolarization during action potential</Protein_name><Protein_name>membrane depolarization during cardiac muscle cell action potential</Protein_name><Protein_name>membrane depolarization during AV node cell action potential</Protein_name><Protein_name>cell communication by electrical coupling involved in cardiac conduction</Protein_name><Protein_name>regulation of heart rate by cardiac conduction</Protein_name><Protein_name>cochlea development</Protein_name><Protein_name>epithelial cell-cell adhesion</Protein_name><Protein_name>negative regulation of release of cytochrome c from mitochondria</Protein_name><Protein_name>regulation of calcium ion import</Protein_name><Protein_name>positive regulation of protein targeting to membrane</Protein_name><Protein_name>phagosome maturation involved in apoptotic cell clearance</Protein_name><Protein_name>phagolysosome assembly involved in apoptotic cell clearance</Protein_name><Protein_name>phagosome-lysosome fusion involved in apoptotic cell clearance</Protein_name><Protein_name>establishment of endothelial intestinal barrier</Protein_name><Protein_name>activation of GTPase activity</Protein_name><Protein_name>lymphocyte migration into lymphoid organs</Protein_name><Protein_name>execution phase of apoptosis</Protein_name><Protein_name>melanocyte migration</Protein_name><Protein_name>programmed cell death in response to reactive oxygen species</Protein_name><Protein_name>dendrite extension</Protein_name><Protein_name>blood vessel endothelial cell delamination</Protein_name><Protein_name>calcium ion transmembrane import into cytosol</Protein_name><Protein_name>cation transmembrane transport</Protein_name><Protein_name>regulation of neuronal action potential</Protein_name><Protein_name>regulation of ventricular cardiac muscle cell action potential</Protein_name><Protein_name>membrane depolarization during atrial cardiac muscle cell action potential</Protein_name><Protein_name>positive regulation of cellular response to hypoxia</Protein_name><Protein_name>positive regulation of cellular response to insulin stimulus</Protein_name><Protein_name>positive regulation of histone H3-K9 trimethylation</Protein_name><Protein_name>positive regulation of NLRP3 inflammasome complex assembly</Protein_name><Protein_name>positive regulation of vascular endothelial growth factor signaling pathway</Protein_name><Protein_name>negative regulation of neuron death</Protein_name><Protein_name>cell-cell signaling involved in cell-cell junction organization</Protein_name><Protein_name>toxin transport</Protein_name><Protein_name>response to salt</Protein_name><Protein_name>negative regulation of intrinsic apoptotic signaling pathway in response to DNA damage</Protein_name><Protein_name>regulation of intrinsic apoptotic signaling pathway by p53 class mediator</Protein_name><Protein_name>melanocyte apoptotic process</Protein_name><Protein_name>regulation of protein localization to synapse</Protein_name><Protein_name>negative regulation of RNA polymerase II regulatory region sequence-specific DNA binding</Protein_name><Protein_name>positive regulation of serine phosphorylation of STAT3 protein</Protein_name><Protein_name>positive regulation of synaptic vesicle recycling</Protein_name><Protein_name>negative regulation of brown fat cell differentiation</Protein_name><Protein_name>regulation of blood circulation</Protein_name><Protein_name>protein localization to postsynaptic membrane</Protein_name><Protein_name>signal transduction involved in regulation of aerobic respiration</Protein_name><Protein_name>positive regulation of anion transport</Protein_name><Protein_name>regulation of dendrite extension</Protein_name><Protein_name>positive regulation of sensory perception of pain</Protein_name><Protein_name>positive regulation of trophectodermal cell proliferation</Protein_name><Protein_name>positive regulation of transcription from RNA polymerase II promoter involved in neuron fate specification</Protein_name><Protein_name>protein localization to microvillus</Protein_name><Protein_name>protein localization to microvillus membrane</Protein_name><Protein_name>cellular response to vasopressin</Protein_name><Protein_name>negative regulation of cholangiocyte apoptotic process</Protein_name><Protein_name>cellular response to forskolin</Protein_name><Protein_name>negative regulation of apoptotic process involved in development</Protein_name><Protein_name>brush border assembly</Protein_name><Protein_name>cellular response to nerve growth factor stimulus</Protein_name><Protein_name>cellular response to brain-derived neurotrophic factor stimulus</Protein_name><Protein_name>dense core granule exocytosis</Protein_name><Protein_name>response to odorant</Protein_name><Protein_name>positive regulation of protein localization to cell surface</Protein_name><Protein_name>negative regulation of G1/S transition of mitotic cell cycle</Protein_name><Protein_name>regulation of cell motility</Protein_name><Protein_name>positive regulation of actin cytoskeleton reorganization</Protein_name><Protein_name>negative regulation of feeding behavior</Protein_name><Protein_name>negative regulation of DNA biosynthetic process</Protein_name><Protein_name>regulation of myoblast proliferation</Protein_name><Protein_name>regulation of alpha-amino-3-hydroxy-5-methyl-4-isoxazole propionate selective glutamate receptor activity</Protein_name><Protein_name>positive regulation of glucocorticoid receptor signaling pathway</Protein_name><Protein_name>positive regulation of chemokine (C-X-C motif) ligand 1 production</Protein_name><Protein_name>positive regulation of STAT protein import into nucleus</Protein_name><Protein_name>positive regulation of energy homeostasis</Protein_name><Protein_name>positive regulation of transcription regulatory region DNA binding</Protein_name><Protein_name>positive regulation of interleukin-6 secretion</Protein_name><Protein_name>regulation of bicellular tight junction assembly</Protein_name><Protein_name>negative regulation of anoikis</Protein_name><Protein_name>regulation of response to DNA damage stimulus</Protein_name><Protein_name>negative regulation of response to drug</Protein_name><Protein_name>negative regulation of neuron migration</Protein_name><Protein_name>negative regulation of extrinsic apoptotic signaling pathway</Protein_name><Protein_name>positive regulation of extrinsic apoptotic signaling pathway in absence of ligand</Protein_name></data>