<?xml version="1.0" encoding="ISO-8859-1"?><data><Protein_name>Golgi trans cisterna</Protein_name><Protein_name>Golgi membrane</Protein_name><Protein_name>pericentriolar material</Protein_name><Protein_name>kinetochore</Protein_name><Protein_name>condensed chromosome kinetochore</Protein_name><Protein_name>chromatin</Protein_name><Protein_name>nuclear chromatin</Protein_name><Protein_name>euchromatin</Protein_name><Protein_name>hyphal tip</Protein_name><Protein_name>voltage-gated sodium channel complex</Protein_name><Protein_name>stress fiber</Protein_name><Protein_name>ruffle</Protein_name><Protein_name>photoreceptor outer segment</Protein_name><Protein_name>photoreceptor inner segment</Protein_name><Protein_name>polycystin complex</Protein_name><Protein_name>extracellular region</Protein_name><Protein_name>proteinaceous extracellular matrix</Protein_name><Protein_name>basement membrane</Protein_name><Protein_name>basal lamina</Protein_name><Protein_name>interstitial matrix</Protein_name><Protein_name>extracellular space</Protein_name><Protein_name>intracellular</Protein_name><Protein_name>cell</Protein_name><Protein_name>prospore membrane</Protein_name><Protein_name>nucleus</Protein_name><Protein_name>nuclear envelope</Protein_name><Protein_name>nuclear pore</Protein_name><Protein_name>nucleoplasm</Protein_name><Protein_name>polytene chromosome</Protein_name><Protein_name>polytene chromosome puff</Protein_name><Protein_name>nucleolus</Protein_name><Protein_name>cytoplasm</Protein_name><Protein_name>mitochondrion</Protein_name><Protein_name>mitochondrial inner membrane</Protein_name><Protein_name>mitochondrial matrix</Protein_name><Protein_name>mitochondrial ribosome</Protein_name><Protein_name>mitochondrial small ribosomal subunit</Protein_name><Protein_name>lysosomal membrane</Protein_name><Protein_name>endosome</Protein_name><Protein_name>early endosome</Protein_name><Protein_name>late endosome</Protein_name><Protein_name>vacuole</Protein_name><Protein_name>vacuolar membrane</Protein_name><Protein_name>endoplasmic reticulum</Protein_name><Protein_name>endoplasmic reticulum lumen</Protein_name><Protein_name>endoplasmic reticulum membrane</Protein_name><Protein_name>rough endoplasmic reticulum</Protein_name><Protein_name>Golgi apparatus</Protein_name><Protein_name>trans-Golgi network</Protein_name><Protein_name>centrosome</Protein_name><Protein_name>centriole</Protein_name><Protein_name>actomyosin contractile ring</Protein_name><Protein_name>cytosol</Protein_name><Protein_name>heterotrimeric G-protein complex</Protein_name><Protein_name>ribosome</Protein_name><Protein_name>cytoskeleton</Protein_name><Protein_name>troponin complex</Protein_name><Protein_name>kinesin complex</Protein_name><Protein_name>microtubule</Protein_name><Protein_name>microtubule associated complex</Protein_name><Protein_name>cytoplasmic microtubule</Protein_name><Protein_name>intermediate filament</Protein_name><Protein_name>actin filament</Protein_name><Protein_name>plasma membrane</Protein_name><Protein_name>integral component of plasma membrane</Protein_name><Protein_name>voltage-gated calcium channel complex</Protein_name><Protein_name>acetylcholine-gated channel complex</Protein_name><Protein_name>interleukin-6 receptor complex</Protein_name><Protein_name>oncostatin-M receptor complex</Protein_name><Protein_name>microvillus</Protein_name><Protein_name>brush border</Protein_name><Protein_name>clathrin-coated pit</Protein_name><Protein_name>cell-cell junction</Protein_name><Protein_name>adherens junction</Protein_name><Protein_name>cell-cell adherens junction</Protein_name><Protein_name>zonula adherens</Protein_name><Protein_name>fascia adherens</Protein_name><Protein_name>gap junction</Protein_name><Protein_name>bicellular tight junction</Protein_name><Protein_name>focal adhesion</Protein_name><Protein_name>muscle tendon junction</Protein_name><Protein_name>cilium</Protein_name><Protein_name>axoneme</Protein_name><Protein_name>cell cortex</Protein_name><Protein_name>synaptic vesicle</Protein_name><Protein_name>voltage-gated potassium channel complex</Protein_name><Protein_name>ionotropic glutamate receptor complex</Protein_name><Protein_name>pilus</Protein_name><Protein_name>cell plate</Protein_name><Protein_name>plasmodesma</Protein_name><Protein_name>chloroplast</Protein_name><Protein_name>photosystem II</Protein_name><Protein_name>phragmoplast</Protein_name><Protein_name>plastid envelope</Protein_name><Protein_name>chloroplast thylakoid membrane</Protein_name><Protein_name>plastid</Protein_name><Protein_name>external side of plasma membrane</Protein_name><Protein_name>basal plasma membrane</Protein_name><Protein_name>chloroplast envelope</Protein_name><Protein_name>cell surface</Protein_name><Protein_name>endosome membrane</Protein_name><Protein_name>endomembrane system</Protein_name><Protein_name>postsynaptic density</Protein_name><Protein_name>intercalated disc</Protein_name><Protein_name>actin cytoskeleton</Protein_name><Protein_name>microtubule cytoskeleton</Protein_name><Protein_name>membrane</Protein_name><Protein_name>integral component of membrane</Protein_name><Protein_name>cytoplasmic, membrane-bounded vesicle</Protein_name><Protein_name>basolateral plasma membrane</Protein_name><Protein_name>apical plasma membrane</Protein_name><Protein_name>apicolateral plasma membrane</Protein_name><Protein_name>lateral plasma membrane</Protein_name><Protein_name>nuclear matrix</Protein_name><Protein_name>myosin complex</Protein_name><Protein_name>unconventional myosin complex</Protein_name><Protein_name>nuclear body</Protein_name><Protein_name>PML body</Protein_name><Protein_name>kinesin I complex</Protein_name><Protein_name>insulin-like growth factor binding protein complex</Protein_name><Protein_name>transcriptional repressor complex</Protein_name><Protein_name>Golgi transport complex</Protein_name><Protein_name>viral nucleocapsid</Protein_name><Protein_name>outer membrane</Protein_name><Protein_name>extrinsic component of membrane</Protein_name><Protein_name>myofibril</Protein_name><Protein_name>sarcomere</Protein_name><Protein_name>Z disc</Protein_name><Protein_name>lamellipodium</Protein_name><Protein_name>cell junction</Protein_name><Protein_name>cell-substrate junction</Protein_name><Protein_name>hemidesmosome</Protein_name><Protein_name>membrane coat</Protein_name><Protein_name>secretory granule</Protein_name><Protein_name>filopodium</Protein_name><Protein_name>axon</Protein_name><Protein_name>dendrite</Protein_name><Protein_name>growth cone</Protein_name><Protein_name>site of polarized growth</Protein_name><Protein_name>cell septum</Protein_name><Protein_name>actin cortical patch</Protein_name><Protein_name>midbody</Protein_name><Protein_name>intracellular ribonucleoprotein complex</Protein_name><Protein_name>Golgi-associated vesicle membrane</Protein_name><Protein_name>axolemma</Protein_name><Protein_name>cortical actin cytoskeleton</Protein_name><Protein_name>intraciliary transport particle</Protein_name><Protein_name>intraciliary transport particle A</Protein_name><Protein_name>intraciliary transport particle B</Protein_name><Protein_name>extracellular matrix</Protein_name><Protein_name>platelet alpha granule membrane</Protein_name><Protein_name>platelet alpha granule lumen</Protein_name><Protein_name>medial cortex</Protein_name><Protein_name>intrinsic component of plasma membrane</Protein_name><Protein_name>cell leading edge</Protein_name><Protein_name>lamellipodium membrane</Protein_name><Protein_name>cytoplasmic vesicle</Protein_name><Protein_name>M band</Protein_name><Protein_name>myosin VII complex</Protein_name><Protein_name>motile primary cilium</Protein_name><Protein_name>nonmotile primary cilium</Protein_name><Protein_name>neuromuscular junction</Protein_name><Protein_name>I band</Protein_name><Protein_name>early endosome membrane</Protein_name><Protein_name>late endosome membrane</Protein_name><Protein_name>filamentous actin</Protein_name><Protein_name>mitochondrial membrane</Protein_name><Protein_name>chloroplast membrane</Protein_name><Protein_name>vesicle</Protein_name><Protein_name>Golgi cisterna</Protein_name><Protein_name>early phagosome</Protein_name><Protein_name>SMC loading complex</Protein_name><Protein_name>cell division site</Protein_name><Protein_name>photoreceptor connecting cilium</Protein_name><Protein_name>stereocilium</Protein_name><Protein_name>stereocilium bundle</Protein_name><Protein_name>stereocilium tip</Protein_name><Protein_name>filopodium tip</Protein_name><Protein_name>cortical endoplasmic reticulum</Protein_name><Protein_name>ruffle membrane</Protein_name><Protein_name>neuron projection membrane</Protein_name><Protein_name>dendrite membrane</Protein_name><Protein_name>neuronal cell body membrane</Protein_name><Protein_name>endoplasmic reticulum-Golgi intermediate compartment membrane</Protein_name><Protein_name>HULC complex</Protein_name><Protein_name>BBSome</Protein_name><Protein_name>cation channel complex</Protein_name><Protein_name>calcium channel complex</Protein_name><Protein_name>potassium channel complex</Protein_name><Protein_name>ciliary rootlet</Protein_name><Protein_name>alphav-beta3 integrin-IGF-1-IGF1R complex</Protein_name><Protein_name>ciliary transition zone</Protein_name><Protein_name>presynaptic periactive zone</Protein_name><Protein_name>ciliary basal body</Protein_name><Protein_name>cytoplasmic ribonucleoprotein granule</Protein_name><Protein_name>sarcolemma</Protein_name><Protein_name>melanosome</Protein_name><Protein_name>insulin-like growth factor ternary complex</Protein_name><Protein_name>periplasmic space</Protein_name><Protein_name>neuron projection</Protein_name><Protein_name>neuronal cell body</Protein_name><Protein_name>costamere</Protein_name><Protein_name>terminal bouton</Protein_name><Protein_name>varicosity</Protein_name><Protein_name>dendritic spine</Protein_name><Protein_name>dendritic shaft</Protein_name><Protein_name>perikaryon</Protein_name><Protein_name>myelin sheath</Protein_name><Protein_name>intracellular membrane-bounded organelle</Protein_name><Protein_name>protein complex</Protein_name><Protein_name>receptor complex</Protein_name><Protein_name>contractile fiber</Protein_name><Protein_name>apical junction complex</Protein_name><Protein_name>mating projection tip</Protein_name><Protein_name>spanning component of plasma membrane</Protein_name><Protein_name>cell body</Protein_name><Protein_name>calyx of Held</Protein_name><Protein_name>MLL3/4 complex</Protein_name><Protein_name>plasma membrane raft</Protein_name><Protein_name>membrane raft</Protein_name><Protein_name>myosin I complex</Protein_name><Protein_name>intercellular bridge</Protein_name><Protein_name>apical part of cell</Protein_name><Protein_name>basal cortex</Protein_name><Protein_name>synapse</Protein_name><Protein_name>postsynaptic membrane</Protein_name><Protein_name>phagocytic vesicle</Protein_name><Protein_name>intercellular canaliculus</Protein_name><Protein_name>perinuclear region of cytoplasm</Protein_name><Protein_name>presynaptic active zone</Protein_name><Protein_name>cell tip</Protein_name><Protein_name>recycling endosome</Protein_name><Protein_name>striated muscle dense body</Protein_name><Protein_name>kinocilium</Protein_name><Protein_name>ciliary membrane</Protein_name><Protein_name>stereocilium membrane</Protein_name><Protein_name>extracellular exosome</Protein_name><Protein_name>ciliary neurotrophic factor receptor complex</Protein_name><Protein_name>exocytic vesicle</Protein_name><Protein_name>integral component of cytoplasmic side of endoplasmic reticulum membrane</Protein_name><Protein_name>integral component of lumenal side of endoplasmic reticulum membrane</Protein_name><Protein_name>primary cilium</Protein_name><Protein_name>blood microparticle</Protein_name><Protein_name>mitotic spindle</Protein_name><Protein_name>RNA polymerase II transcription factor complex</Protein_name><Protein_name>outer dense plaque of desmosome</Protein_name><Protein_name>inner dense plaque of desmosome</Protein_name><Protein_name>perinuclear endoplasmic reticulum</Protein_name><Protein_name>microtubule bundle</Protein_name><Protein_name>astrocyte projection</Protein_name><Protein_name>skeletal muscle myofibril</Protein_name><Protein_name>hemidesmosome associated protein complex</Protein_name><Protein_name>presynapse</Protein_name><Protein_name>postsynapse</Protein_name><Protein_name>extracellular vesicle</Protein_name><Protein_name>terminal web</Protein_name><Protein_name>upper tip-link density</Protein_name><Protein_name>L-type voltage-gated calcium channel complex</Protein_name></data>