<?xml version="1.0" encoding="ISO-8859-1"?><data><Protein_name>microfilament motor activity</Protein_name><Protein_name>recombinase activity</Protein_name><Protein_name>phosphorelay sensor kinase activity</Protein_name><Protein_name>nucleotide binding</Protein_name><Protein_name>magnesium ion binding</Protein_name><Protein_name>RNA polymerase II regulatory region sequence-specific DNA binding</Protein_name><Protein_name>RNA polymerase II core promoter proximal region sequence-specific DNA binding</Protein_name><Protein_name>RNA polymerase II transcription factor activity, sequence-specific DNA binding</Protein_name><Protein_name>transcriptional activator activity, RNA polymerase II core promoter proximal region sequence-specific binding</Protein_name><Protein_name>transcriptional repressor activity, RNA polymerase II core promoter proximal region sequence-specific binding</Protein_name><Protein_name>transcriptional activator activity, RNA polymerase II transcription factor binding</Protein_name><Protein_name>dopamine neurotransmitter receptor activity, coupled via Gs</Protein_name><Protein_name>G-protein coupled receptor binding</Protein_name><Protein_name>p53 binding</Protein_name><Protein_name>dystroglycan binding</Protein_name><Protein_name>nucleic acid binding</Protein_name><Protein_name>DNA binding</Protein_name><Protein_name>chromatin binding</Protein_name><Protein_name>transcription factor activity, sequence-specific DNA binding</Protein_name><Protein_name>transcription coactivator activity</Protein_name><Protein_name>RNA binding</Protein_name><Protein_name>double-stranded RNA binding</Protein_name><Protein_name>single-stranded RNA binding</Protein_name><Protein_name>structural constituent of ribosome</Protein_name><Protein_name>motor activity</Protein_name><Protein_name>microtubule motor activity</Protein_name><Protein_name>actin binding</Protein_name><Protein_name>actin monomer binding</Protein_name><Protein_name>DNA-directed RNA polymerase activity</Protein_name><Protein_name>DNA topoisomerase type I activity</Protein_name><Protein_name>GPI-anchor transamidase activity</Protein_name><Protein_name>GTPase activity</Protein_name><Protein_name>cystathionine gamma-synthase activity</Protein_name><Protein_name>adenylate cyclase activity</Protein_name><Protein_name>arylesterase activity</Protein_name><Protein_name>choline kinase activity</Protein_name><Protein_name>chorismate mutase activity</Protein_name><Protein_name>aminopeptidase activity</Protein_name><Protein_name>aspartic-type endopeptidase activity</Protein_name><Protein_name>ethanolamine kinase activity</Protein_name><Protein_name>L-lactate dehydrogenase activity</Protein_name><Protein_name>lysine N-acetyltransferase activity, acting on acetyl phosphate as donor</Protein_name><Protein_name>methionine adenosyltransferase activity</Protein_name><Protein_name>tyrosine 3-monooxygenase activity</Protein_name><Protein_name>hydrolase activity, hydrolyzing O-glycosyl compounds</Protein_name><Protein_name>protein kinase activity</Protein_name><Protein_name>protein serine/threonine kinase activity</Protein_name><Protein_name>transmembrane receptor protein serine/threonine kinase activity</Protein_name><Protein_name>protein kinase C activity</Protein_name><Protein_name>receptor signaling protein serine/threonine kinase activity</Protein_name><Protein_name>JUN kinase activity</Protein_name><Protein_name>protein tyrosine kinase activity</Protein_name><Protein_name>transmembrane receptor protein tyrosine kinase activity</Protein_name><Protein_name>receptor signaling protein tyrosine kinase activity</Protein_name><Protein_name>ubiquitin-protein transferase activity</Protein_name><Protein_name>serine-type endopeptidase inhibitor activity</Protein_name><Protein_name>signal transducer activity</Protein_name><Protein_name>receptor activity</Protein_name><Protein_name>acetylcholine-activated cation-selective channel activity</Protein_name><Protein_name>ciliary neurotrophic factor receptor activity</Protein_name><Protein_name>interleukin-6 receptor activity</Protein_name><Protein_name>leukemia inhibitory factor receptor activity</Protein_name><Protein_name>oncostatin-M receptor activity</Protein_name><Protein_name>calcitonin receptor activity</Protein_name><Protein_name>ionotropic glutamate receptor activity</Protein_name><Protein_name>AMPA glutamate receptor activity</Protein_name><Protein_name>GPI-linked ephrin receptor activity</Protein_name><Protein_name>neurotrophin receptor activity</Protein_name><Protein_name>osmosensor activity</Protein_name><Protein_name>nuclear export signal receptor activity</Protein_name><Protein_name>protein kinase C binding</Protein_name><Protein_name>guanyl-nucleotide exchange factor activity</Protein_name><Protein_name>ARF guanyl-nucleotide exchange factor activity</Protein_name><Protein_name>Ras guanyl-nucleotide exchange factor activity</Protein_name><Protein_name>GTPase activator activity</Protein_name><Protein_name>receptor binding</Protein_name><Protein_name>ciliary neurotrophic factor receptor binding</Protein_name><Protein_name>epidermal growth factor receptor binding</Protein_name><Protein_name>insulin receptor binding</Protein_name><Protein_name>insulin-like growth factor receptor binding</Protein_name><Protein_name>neurotrophin p75 receptor binding</Protein_name><Protein_name>neurotrophin TRKB receptor binding</Protein_name><Protein_name>integrin binding</Protein_name><Protein_name>hormone activity</Protein_name><Protein_name>neuropeptide hormone activity</Protein_name><Protein_name>structural molecule activity</Protein_name><Protein_name>structural constituent of cytoskeleton</Protein_name><Protein_name>extracellular matrix structural constituent</Protein_name><Protein_name>transporter activity</Protein_name><Protein_name>ion channel activity</Protein_name><Protein_name>ryanodine-sensitive calcium-release channel activity</Protein_name><Protein_name>calcium activated cation channel activity</Protein_name><Protein_name>extracellular ligand-gated ion channel activity</Protein_name><Protein_name>extracellular-glutamate-gated ion channel activity</Protein_name><Protein_name>voltage-gated ion channel activity</Protein_name><Protein_name>voltage-gated calcium channel activity</Protein_name><Protein_name>calcium channel regulator activity</Protein_name><Protein_name>voltage-gated sodium channel activity</Protein_name><Protein_name>voltage-gated potassium channel activity</Protein_name><Protein_name>delayed rectifier potassium channel activity</Protein_name><Protein_name>chloride channel activity</Protein_name><Protein_name>cation channel activity</Protein_name><Protein_name>calcium channel activity</Protein_name><Protein_name>potassium channel activity</Protein_name><Protein_name>sodium channel activity</Protein_name><Protein_name>calcium-transporting ATPase activity</Protein_name><Protein_name>steroid binding</Protein_name><Protein_name>iron ion binding</Protein_name><Protein_name>calcium ion binding</Protein_name><Protein_name>calmodulin binding</Protein_name><Protein_name>ATP binding</Protein_name><Protein_name>GTP binding</Protein_name><Protein_name>phospholipid binding</Protein_name><Protein_name>phosphatidylinositol-4,5-bisphosphate binding</Protein_name><Protein_name>phosphatidylinositol-3,4,5-trisphosphate binding</Protein_name><Protein_name>beta-catenin binding</Protein_name><Protein_name>microtubule binding</Protein_name><Protein_name>protein C-terminus binding</Protein_name><Protein_name>growth factor activity</Protein_name><Protein_name>cytoskeletal protein binding</Protein_name><Protein_name>transcription factor binding</Protein_name><Protein_name>ion channel inhibitor activity</Protein_name><Protein_name>heparin binding</Protein_name><Protein_name>G-protein coupled amine receptor activity</Protein_name><Protein_name>metallopeptidase activity</Protein_name><Protein_name>zinc ion binding</Protein_name><Protein_name>secondary active sulfate transmembrane transporter activity</Protein_name><Protein_name>calcium- and calmodulin-responsive adenylate cyclase activity</Protein_name><Protein_name>structural constituent of muscle</Protein_name><Protein_name>high voltage-gated calcium channel activity</Protein_name><Protein_name>mechanically-gated ion channel activity</Protein_name><Protein_name>transaminase activity</Protein_name><Protein_name>taste receptor activity</Protein_name><Protein_name>nerve growth factor receptor activity</Protein_name><Protein_name>monovalent inorganic cation transmembrane transporter activity</Protein_name><Protein_name>amino acid transmembrane transporter activity</Protein_name><Protein_name>heme transporter activity</Protein_name><Protein_name>channel activity</Protein_name><Protein_name>outward rectifier potassium channel activity</Protein_name><Protein_name>stretch-activated, cation-selective, calcium channel activity</Protein_name><Protein_name>ligand-gated ion channel activity</Protein_name><Protein_name>calcium-release channel activity</Protein_name><Protein_name>ligand-gated sodium channel activity</Protein_name><Protein_name>symporter activity</Protein_name><Protein_name>potassium:chloride symporter activity</Protein_name><Protein_name>potassium channel regulator activity</Protein_name><Protein_name>cholesterol binding</Protein_name><Protein_name>kinase activity</Protein_name><Protein_name>oxidoreductase activity</Protein_name><Protein_name>transferase activity</Protein_name><Protein_name>transferase activity, transferring hexosyl groups</Protein_name><Protein_name>hydrolase activity, acting on ester bonds</Protein_name><Protein_name>isomerase activity</Protein_name><Protein_name>ligase activity</Protein_name><Protein_name>ATPase activity</Protein_name><Protein_name>G-protein coupled acetylcholine receptor activity</Protein_name><Protein_name>myosin binding</Protein_name><Protein_name>Rho GTPase binding</Protein_name><Protein_name>SH3 domain binding</Protein_name><Protein_name>DEAD/H-box RNA helicase binding</Protein_name><Protein_name>Ral GTPase binding</Protein_name><Protein_name>vinculin binding</Protein_name><Protein_name>guanyl nucleotide binding</Protein_name><Protein_name>tubulin N-acetyltransferase activity</Protein_name><Protein_name>growth factor binding</Protein_name><Protein_name>calcium channel inhibitor activity</Protein_name><Protein_name>potassium channel inhibitor activity</Protein_name><Protein_name>kinesin binding</Protein_name><Protein_name>enzyme binding</Protein_name><Protein_name>kinase binding</Protein_name><Protein_name>protein kinase binding</Protein_name><Protein_name>protein phosphatase binding</Protein_name><Protein_name>protein domain specific binding</Protein_name><Protein_name>potassium ion symporter activity</Protein_name><Protein_name>mechanically gated channel activity</Protein_name><Protein_name>gated channel activity</Protein_name><Protein_name>ion gated channel activity</Protein_name><Protein_name>potassium ion leak channel activity</Protein_name><Protein_name>voltage-gated cation channel activity</Protein_name><Protein_name>acetylcholine-gated cation channel activity</Protein_name><Protein_name>PDZ domain binding</Protein_name><Protein_name>carbohydrate binding</Protein_name><Protein_name>LIM domain binding</Protein_name><Protein_name>clathrin binding</Protein_name><Protein_name>ankyrin binding</Protein_name><Protein_name>spectrin binding</Protein_name><Protein_name>actin-dependent ATPase activity</Protein_name><Protein_name>titin binding</Protein_name><Protein_name>mitogen-activated protein kinase kinase kinase binding</Protein_name><Protein_name>ubiquitin protein ligase binding</Protein_name><Protein_name>G-protein beta/gamma-subunit complex binding</Protein_name><Protein_name>D2 dopamine receptor binding</Protein_name><Protein_name>olfactory receptor binding</Protein_name><Protein_name>myosin tail binding</Protein_name><Protein_name>phosphatidylinositol-3-phosphate binding</Protein_name><Protein_name>protein complex binding</Protein_name><Protein_name>phosphatidylinositol binding</Protein_name><Protein_name>dopamine binding</Protein_name><Protein_name>chemoattractant activity</Protein_name><Protein_name>acetylcholine binding</Protein_name><Protein_name>SH2 domain binding</Protein_name><Protein_name>peptide binding</Protein_name><Protein_name>histone methyltransferase activity (H3-K4 specific)</Protein_name><Protein_name>identical protein binding</Protein_name><Protein_name>protein homodimerization activity</Protein_name><Protein_name>actinin binding</Protein_name><Protein_name>enterobactin transporter activity</Protein_name><Protein_name>ATP-dependent protein binding</Protein_name><Protein_name>alpha-tubulin binding</Protein_name><Protein_name>neurotrophin binding</Protein_name><Protein_name>ubiquitin binding</Protein_name><Protein_name>HLH domain binding</Protein_name><Protein_name>protein kinase B binding</Protein_name><Protein_name>protein histidine kinase binding</Protein_name><Protein_name>ADP binding</Protein_name><Protein_name>protein serine/threonine kinase activator activity</Protein_name><Protein_name>sequence-specific DNA binding</Protein_name><Protein_name>protein self-association</Protein_name><Protein_name>transcription regulatory region DNA binding</Protein_name><Protein_name>ion channel binding</Protein_name><Protein_name>acid-sensing ion channel activity</Protein_name><Protein_name>poly(A) RNA binding</Protein_name><Protein_name>alpha-catenin binding</Protein_name><Protein_name>cadherin binding</Protein_name><Protein_name>alpha-L-arabinofuranosidase activity</Protein_name><Protein_name>metal ion binding</Protein_name><Protein_name>phosphatidylinositol-4,5-bisphosphate 3-kinase activity</Protein_name><Protein_name>protein heterodimerization activity</Protein_name><Protein_name>CDP-glycerol glycerophosphotransferase activity</Protein_name><Protein_name>protein N-terminus binding</Protein_name><Protein_name>calcium-dependent protein binding</Protein_name><Protein_name>brain-derived neurotrophic factor binding</Protein_name><Protein_name>nerve growth factor binding</Protein_name><Protein_name>beta-tubulin binding</Protein_name><Protein_name>Roundabout binding</Protein_name><Protein_name>calcium-induced calcium release activity</Protein_name><Protein_name>coenzyme binding</Protein_name><Protein_name>nitric-oxide synthase binding</Protein_name><Protein_name>actin filament binding</Protein_name><Protein_name>chaperone binding</Protein_name><Protein_name>ATPase binding</Protein_name><Protein_name>phosphoprotein binding</Protein_name><Protein_name>muscle alpha-actinin binding</Protein_name><Protein_name>epinephrine binding</Protein_name><Protein_name>norepinephrine binding</Protein_name><Protein_name>alpha-actinin binding</Protein_name><Protein_name>brain-derived neurotrophic factor-activated receptor activity</Protein_name><Protein_name>RNA polymerase II sequence-specific DNA binding transcription factor binding</Protein_name><Protein_name>ubiquitin protein ligase activity</Protein_name><Protein_name>metalloaminopeptidase activity</Protein_name><Protein_name>neuropeptide receptor binding</Protein_name><Protein_name>voltage-gated calcium channel activity involved in cardiac muscle cell action potential</Protein_name><Protein_name>voltage-gated calcium channel activity involved in AV node cell action potential</Protein_name><Protein_name>scaffold protein binding</Protein_name><Protein_name>temperature-gated cation channel activity</Protein_name><Protein_name>protein binding involved in cell-cell adhesion</Protein_name><Protein_name>cadherin binding involved in cell-cell adhesion</Protein_name><Protein_name>mechanically-gated potassium channel activity</Protein_name><Protein_name>osmolarity-sensing cation channel activity</Protein_name></data>